USER_ID*,USER*
0,Erika Brown
1,John Peters
2,Mark Rodriguez DDS
3,Alexandra Lewis
4,Michael Mckinney
5,David Whitaker
6,Steven Jones
7,Patricia Marshall
8,Rachel Williams
9,Michelle Day
10,John Medina
11,Cynthia Campbell
12,William Walker
13,Kylie Gordon
14,Margaret Brock
15,Alexis Barry
16,Richard Reid
17,Kelly Torres
18,Maria Tran
19,David Hartman
20,Heather Maxwell
21,Amber Young
22,Aaron Webb
23,Nancy Brennan
24,Heather Mcguire
25,Brendan Rivera
26,Elizabeth Gross
27,David Rodriguez
28,Samantha Coleman
29,Courtney Jones
30,Tracy Hanna
31,Paul Smith
32,Traci Braun
33,Rose Cruz
34,Ryan Barnes
35,Sophia Hernandez
36,David Patel
37,Alexis Wang
38,Jeremy Price
39,William Jennings
40,Sarah Peck
41,Lance Chan
42,Troy Stewart
43,Alexandria Barrett
44,George Thomas Jr.
45,Chad Davis
46,Wesley Wilson
47,Lynn Elliott
48,Matthew Russell
49,Nicole Garrett
